1.E.2,"B L' B BR B' L B BR' B"
1.E.3,"R' L R' BR' R L' R' BR R'"
1.E.4,"L R' L R BL' B' R B R' BL L"
1.E.5,"B' R B R L R L'"
1.E.6,"R' L R L B' BR B' L B BR' B"
1.E.7,"L' B L' B' F R B' R' B F' L'"
1.E.8,"B' BR B' L' B BR' B L' R' L' R"
1.E.9,"R B' R' B' L' B' L"
1.O.1,"D B D' B' U D' R D R'"
1.O.2,"L' BL B' L' D L D' B BL' L"
1.O.3,"R BR' B R D' R' D B' BR R'"
2.E.1,"R B R L F' D' L D L' F L' R B'"
2.E.2,"B L' BL L B' U' B L' BL L B'"
2.E.3,"B L' BL' L B' U B L' BL' L B'"
2.E.4,"BR' B' U' L' D' L U' L D L' U' B BR"
2.E.5,"R B' D' F' R L' R' L F R' D B"
2.E.6,"L' R' BL' D BL L BL' D' BL D R' D' R'"
2.E.7,"BL B U R D R' U R' D' R U B' BL'"
2.E.8,"L B F D' F' L' F D F' D' B D B"
2.E.9,"B' L' D' BR' D' R D R' BR B D L"
2.O.1,"B' R B R' U' B F' L B' L' F"
2.O.2,"L' B BL' D L' D' L BL L B'"
2.O.3,"R B' BR D' R D R' BR' R' B"
3.E.1,"B' R BR B' BR' B R' U' B"
3.E.2,"B' R B R' U BR' R L R' BR L'"
3.E.3,"B L' B' L U' BL L' R' L R BL'"
3.E.4,"B R B' R' U' D' R' B' R B D"
3.E.5,"B D F' D' B D F D' R B R'"
3.E.6,"B' L' B' L B' R B R' B' U L' B L B'"
3.E.7,"B' L' B L U D L B L' B' D'"
3.E.8,"B R B R' B L' B' L B U' R B' R' B"
3.E.9,"B L' B' D BR' D' L' D BR D' L'"
3.O.1,"R B' L D' R F' D R' BR' L' R' B"
3.O.2,"B U' R D' R D R U B'"
3.O.3,"B' U L' D L' D' L' U' B"
3.O.4,"R B' BR B BR' R' B U' B'"
3.O.5,"R' L R L BL D' B' D B BL' L"
3.O.6,"D' BL' F BR D B' D' B BR' F' BL D"
3.O.7,"R U R' L F R' F' R L'"
3.O.8,"D F' BR BL' D' B D B' BL BR' F D'"
3.O.9,"L R' L' R' BR' D B D' B' BR R'"
4a.E.1,"L U D' L D L' D R' D' R U' L'"
4a.E.2,"D' R U' D L' U D' R' U' D L"
4a.E.3,"L' B' BR' B L B' BR B"
4a.E.4,"BR' U L' D' L U' L D BR L'"
4a.E.5,"L' B BL D L' D' L BL' L B'"
4a.E.6,"BL U' R D R' U R' D' BL' L R L'"
4a.E.7,"R BL D R' U R' D' R U' BL'"
4a.E.8,"L R' F' D' L D F L' R U L'"
4a.E.9,"L R' F R' D R D' F' L' R"
4a.O.1,"R' U L R L' R B' R' B R' U' R"
4a.O.2,"D' BR' F D' L' D L F' BR D"
4a.O.3,"R' BR B L' B' BR' L R"
4a.O.4,"BR D' R' D BR' D' R D R' BR R BR'"
4a.O.5,"L' D' BR D L' D' BR' D L'"
4a.O.6,"R B' BR' R' B R B' BR R' B"
4a.O.7,"R BL D R D' R' BL' B' R' B"
4a.O.8,"R' L F' R L' R' L F R L'"
4a.O.9,"L B L' B' U' R D R D' R"
4b.E.1,"D BL D R' D' R L' R L R' BL' D'"
4b.E.2,"B' BR' B L' B' BR B L"
4b.E.3,"L' U D' R U' D L U D' R' D"
4b.E.4,"BR' L' D' L U' L D L' U BR"
4b.E.5,"R' L F' L D' L' D F R L'"
4b.E.6,"R' L F D R' D' F' R L' U' R"
4b.E.7,"BL U' R D R' U R' D' R BL'"
4b.E.8,"BR' U L' D' L U' L D BR R' L' R"
4b.E.9,"R B' BR' D' R D R' BR R' B"
4b.O.1,"L U' L' B L' B' L R' L R U L'"
4b.O.2,"L BL' B' R B R' BL L'"
4b.O.3,"D BL F' D R D' R' F BL' D'"
4b.O.4,"BR' D' L D BR L B L' B' L'"
4b.O.5,"R' B' R B U L' D' L' D L'"
4b.O.6,"L R' F L' R L R' F' L' R"
4b.O.7,"BL' D L D' BL D L' D' L BL' L' BL"
4b.O.8,"L' B BL L B' L' B BL' L B'"
4b.O.9,"B D' F D B D' F' D B"
4c.E.1,"L' B' D' BR' R D' R' D BR D B' L B'"
4c.E.2,"BR' L R' BR' R L' R' BR R BR"
4c.E.3,"R' BL L BL L' R L BL' L' BL'"
4c.E.4,"R' BL F R L' R' L F' BL' L R L'"
4c.E.5,"F R' U L R' L' R U' L R' L' R' F'"
4c.E.6,"R BL' BR' R D' R' D BR B R' B' BL"
4c.E.7,"BR BL' B' L' B BR' B L B' BR BL BR'"
4c.E.8,"BR L' BL L' D L D' BL' B' L B BR'"
4c.E.9,"R B' R' B U BR BL' L D L' D' BL BR'"
4c.O.1,"R BR R' L R BR' R' L' U L R' L' R"
4c.O.2,"F' BR' D' L B' L' B D BR F"
4c.O.3,"BL' D F' D R D' R' F D' BL"
4c.O.4,"B' BL' U' R D R' U R' D' R BL B"
4c.O.5,"BL' D' R D R' BL U L' D' L' D L'"
4c.O.6,"L U' L' D' BR D L D' BR' U D L'"
4c.O.7,"BL L' U' L R' L' R U R' L R BL'"
4c.O.8,"R' U R D BL' D' R' D BL U' D' R"
4c.O.9,"BR D L' D' BR' L U' R D R D' R"
5.E.1,"R' L' BL' B D' B' D BL B' L B R"
5.E.2,"L D' BL U R' L R L' U' BL' D L'"
5.E.3,"R' D BR' U' L R' L' R U BR D' R"
5.E.4,"B U' L' B BL' D' B' D BL B' L"
5.E.5,"BL L U L' R' L R U' L' BL'"
5.E.6,"L' B' F' BR D B' D' B BR' B F L"
5.E.7,"B' U R B' BR D B D' BR' B R'"
5.E.8,"BL' B U F' L B L' B' F U' B' BL"
5.E.9,"F R U B' R' B R U' R' F'"
5.O.1,"R B D BL' L' D L D' BL B D' B R'"
5.O.2,"L R' F R L' U' R' L F L' R"
5.O.3,"R' L F' L' R U L R' F' R L'"
5.O.4,"B' R BR B' D B D' BR' B R'"
5.O.5,"R' L F L' R L R' F' L' R"
5.O.6,"L' B' D' BR D' R D R' BR' D B L"
5.O.7,"B L' BL' B D' B' D BL B' L"
5.O.8,"B' R' D' F L D' L' D F' D R B"
5.O.9,"L R' F' R L' R' L F R L'"
6a.E.1,"B' D' B' F' L' B' L B F D B'"
6a.E.2,"B' R BR R BR' B' BR R' BR' B' R'"
6a.E.3,"BR U' D R D R' U D' L' D' BR' L"
6a.E.4,"R B' BR' B R' U R B' BR' R' B"
6a.E.5,"BL' B U L' B L B' U' B' BL"
6a.E.6,"B' R BR' B R' B' R BR R' B"
6a.E.7,"R' L F' R' D R D' F R L'"
6a.E.8,"R' L R L' U' F' L B L' B' F"
6a.E.9,"B' U' B L' BL' B BL L B'"
6a.O.1,"L R' F' R L' R' L F L' R"
6a.O.2,"B' U' D L B L' B' U D' B"
6a.O.3,"F D' F L' B L B' F' D F'"
6a.O.4,"L F' D B' D B D F R' L' R"
6a.O.5,"B U' B U B L' B' L U' B' U B'"
6a.O.6,"BR L D L D' BR' L"
6a.O.7,"L B L' B' U' B L' B' R' L' R L'"
6a.O.8,"B L' BL' L' D L D' BL L B'"
6a.O.9,"BR R BR' B' R' B R BR R' BR'"
6b.E.1,"R B BL B' R' B BL' B R B R'"
6b.E.2,"R BR' D BL' D L' D' L BL D' BR R'"
6b.E.3,"B L' BL' L' BL B BL' L BL B L"
6b.E.4,"B L' BL' D L' D' L BL B' L"
6b.E.5,"B U B' R BR B' BR' R' B"
6b.E.6,"B U' L D L' U' L' D' L U' B'"
6b.E.7,"L' B BL B' L U' L' B BL L B'"
6b.E.8,"L' B BL' B' L B L' BL B' L"
6b.E.9,"B' BL U' R B' R' B U BL' B"
6b.O.1,"R' L F L' R L R' F' R L'"
6b.O.2,"F' D F' R B' R' B F D' F"
6b.O.3,"B U D' R' B' R B U' D B'"
6b.O.4,"R' B' R B U B' R B L R L' R"
6b.O.5,"BL' L' BL B L B' L' BL' L BL"
6b.O.6,"B' R BR R D' R' D BR' R' B"
6b.O.7,"L R' F R L' U' R' L F R L'"
6b.O.8,"R' BL' D' R' D R' BL"
6b.O.9,"B' U B' U' B' R B R' U B U' B"
6c.E.1,"L B' R B R' B L' B'"
6c.E.2,"L' BL D' R D' R' D' BL' L"
6c.E.3,"R BR' D L' D L D BR R'"
6c.E.4,"R B BL' B R' B' BL B'"
6c.E.5,"L' B' D' B' D L B'"
6c.E.6,"R B' D' R' U' R D R' U B"
6c.E.7,"L F' L B L' F L' B'"
6c.E.8,"L' B D L U L' D' L U' B'"
6c.E.9,"R B D B D' R' B"
6c.O.1,"L R' F R L' R' L F' L' R"
6c.O.2,"B' R B' F' L' B' L F R'"
6c.O.3,"B L' B F R B R' F' L"
6c.O.4,"B' BR' B L' B' BR B' L B'"
6c.O.5,"B' BR' B L' B' BR' B' L B BR' B"
6c.O.6,"L R' F' D R' D' R F R L'"
6c.O.7,"B BL B' R B BL' B R' B"
6c.O.8,"B L' BL L' D L D' BL' L B'"
6c.O.9,"B BL B' R B BL B R' B' BL B'"
7.E.1,"R' L F R' F L F' R F L' F R L'"
7.E.2,"B L' BL L B U' B L' BL' B BL' B' L"
7.E.3,"B' R BR' R' B' U B' R BR B' BR B R'"
7.O.1,"D B' BL U L' B L B' U' R BL' B R' D'"
7.O.2,"B L' BL' L BL' B' L U' L B BL B' L"
7.O.3,"L R' L U' F R L' R' L F' U L R"
8.E.1,"BR' R B' R' B BR U' R D' R D R"
8.E.2,"B L' B' U' L R' F' L F L' R"
8.E.3,"B' R B U R' L F R' F' R L'"
8.O.1,"B' R BR R' B D' R' L F R L' D"
8.O.2,"L R F' L D' L' D F L' R'"
8.O.3,"R' L' F R' D R D' F' R L"